"product_id","product","file","commons_file","license","author","source_url"
"1","01","photo/p01.jpg","File:Smartphone display screen.jpg","CC0","Skitterphoto","https://commons.wikimedia.org/wiki/File:Smartphone_display_screen.jpg"
"2","02","photo/p02.jpg","File:Earphones BW 2011-12-10 15-49-08.JPG","CC BY-SA 3.0","Berthold Werner","https://commons.wikimedia.org/wiki/File:Earphones_BW_2011-12-10_15-49-08.JPG"
"3","03","photo/p03.jpg","File:Laptop der Marke exone go 20240203 HOF06886 RAW-Export 000276.png","CC BY 4.0","PantheraLeo1359531","https://commons.wikimedia.org/wiki/File:Laptop_der_Marke_exone_go_20240203_HOF06886_RAW-Export_000276.png"
"4","04","photo/p04.jpg","File:USB power adapter for Apple iPod, Model A1205, by Foxlink Technology Ltd-1048.jpg","CC BY-SA 4.0","Raimond Spekking","https://commons.wikimedia.org/wiki/File:USB_power_adapter_for_Apple_iPod,_Model_A1205,_by_Foxlink_Technology_Ltd-1048.jpg"
"5","05","photo/p05.jpg","File:EIZO Foris FG2421 VGA computer monitor displaying test pattern.png","CC BY-SA 4.0","Lucasbosch","https://commons.wikimedia.org/wiki/File:EIZO_Foris_FG2421_VGA_computer_monitor_displaying_test_pattern.png"
"6","06","photo/p06.jpg","File:Huawei Smartwatch Fit 2.jpg","CC BY-SA 4.0","D Eaketts","https://commons.wikimedia.org/wiki/File:Huawei_Smartwatch_Fit_2.jpg"
"7","07","photo/p07.jpg","File:Portable power bank.jpg","CC BY-SA 4.0","Santeri Viinamäki","https://commons.wikimedia.org/wiki/File:Portable_power_bank.jpg"
"8","08","photo/p08.jpg","File:Drift Ghost XL Pro Action Camera.jpg","CC0","MRSexton","https://commons.wikimedia.org/wiki/File:Drift_Ghost_XL_Pro_Action_Camera.jpg"
"9","09","photo/p09.jpg","File:T-shirt printer at Rapanui Clothing, Isle of Wight.jpg","CC BY 2.0","Tim Sheerman-Chase","https://commons.wikimedia.org/wiki/File:T-shirt_printer_at_Rapanui_Clothing,_Isle_of_Wight.jpg"
"10","10","photo/p10.jpg","File:HK MTR train interior visitors jeans pants blue white grey black n sports shoes paper bag Royce' Chocolate and Cakes August 2021 SS2.jpg","CC BY-SA 4.0","HAO2DOSMT Hsom","https://commons.wikimedia.org/wiki/File:HK_MTR_train_interior_visitors_jeans_pants_blue_white_grey_black_n_sports_shoes_paper_bag_Royce%27_Chocolate_and_Cakes_August_2021_SS2.jpg"
"11","11","photo/p11.jpg","File:Perfecto Brand Button Up Shirt Worn by Charles A. Lindbergh - DPLA - dee5d4308c43da82e608b2c367df3200 (page 1).jpg","No restrictions","Perfecto","https://commons.wikimedia.org/wiki/File:Perfecto_Brand_Button_Up_Shirt_Worn_by_Charles_A._Lindbergh_-_DPLA_-_dee5d4308c43da82e608b2c367df3200_(page_1).jpg"
"12","12","photo/p12.jpg","File:Hoodie m7agar.jpg","CC0","YoussefTahoun","https://commons.wikimedia.org/wiki/File:Hoodie_m7agar.jpg"
"13","13","photo/p13.jpg","File:Summer dress (5634765615).jpg","Public domain","USAID Africa Bureau","https://commons.wikimedia.org/wiki/File:Summer_dress_(5634765615).jpg"
"14","14","photo/p14.jpg","File:Germany Belt-and-Buckle-02.jpg","CC BY-SA 3.0","CEphoto, Uwe Aranas","https://commons.wikimedia.org/wiki/File:Germany_Belt-and-Buckle-02.jpg"
"15","15","photo/p15.jpg","File:Alpaca wool scarf.JPG","CC BY-SA 3.0","Deryck Chan","https://commons.wikimedia.org/wiki/File:Alpaca_wool_scarf.JPG"
"16","16","photo/p16.jpg","File:2008-07-27 Sunglasses.jpg","CC BY-SA 4.0","Ildar Sagdejev (Specious)","https://commons.wikimedia.org/wiki/File:2008-07-27_Sunglasses.jpg"
"17","17","photo/p17.jpg","File:On Clouds running shoes.jpg","CC BY-SA 4.0","Goodreg3","https://commons.wikimedia.org/wiki/File:On_Clouds_running_shoes.jpg"
"18","18","photo/p18.jpg","File:Converse Jack Purcell sneakers on white canvas.jpg","CC BY-SA 4.0","Mizael Contreras","https://commons.wikimedia.org/wiki/File:Converse_Jack_Purcell_sneakers_on_white_canvas.jpg"
"19","19","photo/p19.jpg","File:Crockett & Jones men's dress shoes, type Dalton, black calf leather 02.JPG","CC BY-SA 3.0","OlafJanssen","https://commons.wikimedia.org/wiki/File:Crockett_%26_Jones_men%27s_dress_shoes,_type_Dalton,_black_calf_leather_02.JPG"
"20","20","photo/p20.jpg","File:A Two Black Flip Flops and leather sandals on the beach.jpg","CC BY-SA 4.0","Peachyeung316","https://commons.wikimedia.org/wiki/File:A_Two_Black_Flip_Flops_and_leather_sandals_on_the_beach.jpg"
"21","21","photo/p21.jpg","File:Hiking boots and foot prints.jpeg","CC BY-SA 3.0","Th. Voekler","https://commons.wikimedia.org/wiki/File:Hiking_boots_and_foot_prints.jpeg"
"22","22","photo/p22.jpg","File:Ballet shoes in fifth position.jpg","CC BY-SA 4.0","Lambtron","https://commons.wikimedia.org/wiki/File:Ballet_shoes_in_fifth_position.jpg"
"23","23","photo/p23.jpg","File:020210821 Copper cookware, early 20th century, bourgeois kitchen, Galicia, Sanok.jpg","CC BY-SA 4.0","Silar","https://commons.wikimedia.org/wiki/File:020210821_Copper_cookware,_early_20th_century,_bourgeois_kitchen,_Galicia,_Sanok.jpg"
"24","24","photo/p24.jpg","File:Stainless Steel Water Bottle.jpg","CC BY-SA 4.0","Gannu03","https://commons.wikimedia.org/wiki/File:Stainless_Steel_Water_Bottle.jpg"
"25","25","photo/p25.jpg","File:A porcelain plate from a military service, Imperial Porcelain Manufactury (Sous-Officier et Soldat du Rt. de la Garde).jpg","Public domain","N. Artemev","https://commons.wikimedia.org/wiki/File:A_porcelain_plate_from_a_military_service,_Imperial_Porcelain_Manufactury_(Sous-Officier_et_Soldat_du_Rt._de_la_Garde).jpg"
"26","26","photo/p26.jpg","File:Donut Pillow 1.jpg","CC0","Sciencia58","https://commons.wikimedia.org/wiki/File:Donut_Pillow_1.jpg"
"27","27","photo/p27.jpg","File:Devilish Aroma Lamp.jpg","CC0","5snake5","https://commons.wikimedia.org/wiki/File:Devilish_Aroma_Lamp.jpg"
"28","28","photo/p28.jpg","File:Electric kettle - Электрический чайник.JPG","CC BY-SA 3.0","Schekinov Alexey Victorovich","https://commons.wikimedia.org/wiki/File:Electric_kettle_-_%D0%AD%D0%BB%D0%B5%D0%BA%D1%82%D1%80%D0%B8%D1%87%D0%B5%D1%81%D0%BA%D0%B8%D0%B9_%D1%87%D0%B0%D0%B9%D0%BD%D0%B8%D0%BA.JPG"
"29","29","photo/p29.jpg","File:Towel blue decorativepattern closeup.jpg","Public domain","User Mike1024 on en.wikipedia","https://commons.wikimedia.org/wiki/File:Towel_blue_decorativepattern_closeup.jpg"
"30","30","photo/p30.jpg","File:2 oz - 60 ml Amber Glass Boston Round Bottles with Gold Metal and Glass Droppers.jpg","CC BY-SA 4.0","Ohiamjk","https://commons.wikimedia.org/wiki/File:2_oz_-_60_ml_Amber_Glass_Boston_Round_Bottles_with_Gold_Metal_and_Glass_Droppers.jpg"
"31","31","photo/p31.jpg","File:Dove shampoo bottle in black background.jpg","CC0","Ranjima np","https://commons.wikimedia.org/wiki/File:Dove_shampoo_bottle_in_black_background.jpg"
"32","32","photo/p32.jpg","File:Lipstick- My top 5! - 18072840654.jpg","CC BY 2.0","Vanilla and lace","https://commons.wikimedia.org/wiki/File:Lipstick-_My_top_5!_-_18072840654.jpg"
"33","33","photo/p33.jpg","File:Safety razor shaving kit.jpg","CC BY-SA 3.0","Hustvedt","https://commons.wikimedia.org/wiki/File:Safety_razor_shaving_kit.jpg"
"34","34","photo/p34.jpg","File:LRP sunscreen bottle.jpg","CC BY-SA 4.0","Netstars22","https://commons.wikimedia.org/wiki/File:LRP_sunscreen_bottle.jpg"
"35","35","photo/p35.jpg","File:Laptop backpacks from Mr. DIY at Ayala Center Cebu (2025-02-24).jpg","CC BY 4.0","Wide Awake!","https://commons.wikimedia.org/wiki/File:Laptop_backpacks_from_Mr._DIY_at_Ayala_Center_Cebu_(2025-02-24).jpg"
"36","36","photo/p36.jpg","File:Cadisen C8173 automatic wristwatch 2.jpg","CC0","Francis Flinch","https://commons.wikimedia.org/wiki/File:Cadisen_C8173_automatic_wristwatch_2.jpg"
"37","37","photo/p37.jpg","File:Duffel bags, Interboot 2020, Friedrichshafen (IB200172).jpg","CC BY-SA 4.0","Matti Blume","https://commons.wikimedia.org/wiki/File:Duffel_bags,_Interboot_2020,_Friedrichshafen_(IB200172).jpg"
"38","38","photo/p38.jpg","File:Analog Wrist Watch.jpg","CC BY-SA 4.0","Aditya Oberai","https://commons.wikimedia.org/wiki/File:Analog_Wrist_Watch.jpg"
"39","39","photo/p39.jpg","File:Canvas tote bag from Books & Books, Miami, Florida, USA - 20130912.jpg","CC BY-SA 4.0","Jacklee.","https://commons.wikimedia.org/wiki/File:Canvas_tote_bag_from_Books_%26_Books,_Miami,_Florida,_USA_-_20130912.jpg"
"40","40","photo/p40.jpg","File:Stack of Books.jpg","CC BY-SA 4.0","Heffloaf","https://commons.wikimedia.org/wiki/File:Stack_of_Books.jpg"
"41","41","photo/p41.jpg","File:Cursive Writing on Notebook paper.jpg","CC BY-SA 3.0","Vacuumfan7072","https://commons.wikimedia.org/wiki/File:Cursive_Writing_on_Notebook_paper.jpg"
"42","42","photo/p42.jpg","File:Parker Pen-pens set.jpg","CC BY-SA 3.0","Robson309 at Polish Wikipedia","https://commons.wikimedia.org/wiki/File:Parker_Pen-pens_set.jpg"
"43","43","photo/p43.jpg","File:Paint brushes (30804).jpg","CC BY-SA 4.0","Rhododendrites","https://commons.wikimedia.org/wiki/File:Paint_brushes_(30804).jpg"
"44","44","photo/p44.jpg","File:A pile of alphabet wooden blocks.jpg","CC BY 4.0","Bobjgalindo","https://commons.wikimedia.org/wiki/File:A_pile_of_alphabet_wooden_blocks.jpg"
"45","45","photo/p45.jpg","File:Remote-controlled Car Enthusiasts Start Club in Kuwait DVIDS129829.jpg","Public domain","Staff Sgt. William Watson Martin","https://commons.wikimedia.org/wiki/File:Remote-controlled_Car_Enthusiasts_Start_Club_in_Kuwait_DVIDS129829.jpg"
"46","46","photo/p46.jpg","File:Angry teddy bear.jpg","CC BY-SA 2.0","Miquel Angel Pintanel Bassets","https://commons.wikimedia.org/wiki/File:Angry_teddy_bear.jpg"
"47","47","photo/p47.jpg","File:Yoga Mat Made of Carpet Underlay.jpg","CC BY-SA 4.0","Ian Alexander","https://commons.wikimedia.org/wiki/File:Yoga_Mat_Made_of_Carpet_Underlay.jpg"
"48","48","photo/p48.jpg","File:Attractive man lifting dumbbell weight for exercise in fitness gym.jpg","CC BY 2.0","Nenad Stojkovic","https://commons.wikimedia.org/wiki/File:Attractive_man_lifting_dumbbell_weight_for_exercise_in_fitness_gym.jpg"
"49","49","photo/p49.jpg","File:RapidRide water bottle (5042358699).jpg","CC BY-SA 2.0","Atomic Taco from Seattle, WA, USA","https://commons.wikimedia.org/wiki/File:RapidRide_water_bottle_(5042358699).jpg"
"50","50","photo/p50.jpg","File:Grid Layout of Blue Barry's Exercise Mats and Resistance Bands.jpg","CC BY-SA 4.0","Oleg Yunakov","https://commons.wikimedia.org/wiki/File:Grid_Layout_of_Blue_Barry%27s_Exercise_Mats_and_Resistance_Bands.jpg"
